"name", "segment", "country", "website", "description"
"1QBit", "Software", "Canada", "https://1qbit.com", "1QBit is a software and consulting company that solutions to large and difficult problems, using complex algorithms and software development tools utilizing both classical methods and quantum computers. Much of their work involves utilization of quantum annealing hardware. 1QBit has offices in Vancouver and Waterloo, Canada."
"A*Quantum", "Software", "Japan", "https://a-star-quantum.jp/index_en.html", "Founded in 2018 and based in Tokyo, Japan, A*Quantum is a company specializing in quantum computer software. They will develop software for both annealing and gate-level machines and collaborate with universities to nurture developers and provide coordination between companies."
"AegiQ", "Hardware", "UK", "https://www.aegiq.com/", "AegiQ is a spin-off from The University of Sheffield founded in 2019. AegiQ's focus on high-performance quantum photonic applications with its core technology being in semiconductor-based deterministic and indistinguishable single-photon sources."
"Agnostiq", "Software", "Canada", "https://www.agnostiqlabs.com/", "Agnostiq is an enterprise security company building privacy solutions for users of quantum computers. The company’s mission is to develop robust security software tailored to NISQ-era devices. Their solutions allow users to keep their data and algorithms secure while being processed on the quantum cloud. This allows even the most privacy-sensitive users to unlock the benefits of quantum computers without compromising any of their proprietary data or algorithms. Agnostiq is based in Toronto, Canada, was founded in August 2018 and is a graduate of the Creative Destruction Lab’s 2018/19 cohort."
"Alice&Bob", "Hardware", "France", "https://alice-bob.com/", "Alice&Bob is developing a universal fault tolerant quantum computer based upon research developed at French universities and research institutes.  The technology uses superconducting detection of microwave photons and is expected to exponentially reduce bit-flip errors rates.  The company was founded in February 2020 and is located in Paris, France. "
"Aliro Technologies", "Software", "US", "https://www.aliroquantum.com/", "Aliro is a software company focused on providing portable, useful, hardware-agnostic, and noise-aware tools for quantum computation on NISQ devices. They are located in Boston, Massachusetts and were formed in the summer of 2019 as a participant in the Venture Incubation Program at the Harvard Innovation Labs. Aliro has received initial seed funding from Flybridge Capital Partners."
"Alpine Quantum Technologies, GmbH", "Hardware", "Austria", "https://www.aqt.eu/", "Located in Innsbruck, Austria, Alpine Quantum Technologies (AQT) is a recent spin-off formed by three physicists from the University of Innsbruck and the Institute of Quantum Optics and Quantum Information of the Austrian Academy of Sciences. The company’s goal is to construct a commercial quantum computer using ion trap technology."
"Ankh.1", "Other", "US", "https://ankh.one/", "Founded in 2018 and based in West Covina, California, Ankh is launching Anubis Cloud a Quantum virtual machine service for data science professionals with Jupyter notebook integration and Tensorflow + Keras."
"Anyon Systems Inc.", "Software", "Canada", "http://anyonsys.com/index.html", "Anyon Systems Inc. is a Canadian technology startup with the mission of introducing Quantum Electronic Design Automation toolkits for design and optimization of nano/quantum electronics. Anyon provides a Quantum Device Simulator (QDS) to design and optimize novel Quantum Electronic Devices."
"ApexQubit", "Software", "Netherlands", "https://www.apexqubit.com/", "ApexQubit is a quantum software company developing a 2nd generation platform for drugs engineering powered by quantum computing that will allow pharmaceutical companies to automate the drug discovery process. The company was founded in November, 2018 and is now located in Amsterdam, The Netherlands. In 2018 and 2019 they received a pre-seed financing for undisclosed amounts and also received another pre-seed round of investment from HealthInc in January 2020."
"AppliedQubit", "Software", "UK", "http://appliedqubit.com/", "Founded in January, 2019 and based in Leatherhead, Surrey, UK, AppliedQubit is an independent software vendor specializing in the application of quantum information science for business and industry. They build, test, deploy, support and market software IP in the area of quantum computers with a goal to harness the potential of quantum computation and deliver near-term results for enterprise and industrial customers. Their two key areas of product development focus include classical-quantum hybrid algorithms and quantum machine learning."
"aQuantum", "Software", "Spain", "https://www.aquantum.es/", "Formed in February 2018 and based in Madrid, Spain, aQuantum is a a research, development, consulting and services group in the fields of quantum software engineering and programming. Specializing in Quantum Software Engineering and Programming, aQuantum works in the fields of Hybrid Classical-Quantum Computing, Software Quantum Quality, Governance and Management, Quantum Software Workforce, Development Tools and Machine Learning."
"Artiste-qb.net", "Software", "Canada", "http://www.artiste-qb.net/", "Toronto based Artiste-qb.net is developing quantum information software that provides customers with solutions to R&D challenges and quantifiable business problems. The principals of this company have spent many years developing quantum algorithm and they already have a large library of routines available. They have recently developed a quantum computing and AI related platform image, called Bayesforge, which is provided as open source software for data scientists who need advanced analytical tools as well as for quantum computing and computational mathematics practitioners who seek to work with one of the major QC frameworks. Artise-qb.net is focusing on the global market with a particular emphasis on China and have an affiliate company in Shenzhen, China."
"Atom Computing", "Hardware", "US", "http://www.atom-computing.com/", "Founded in 2018 and located in the Berkeley, California, Atom Computing is focused on building scalable, universal quantum computers. Utilizing techniques pioneered by quantum gas and precision measurement experiments, Atom Computing will create machines using optically trapped neutral atoms capable of reaching the large qubit numbers needed for error corrected quantum computing."
"Aurora Quantum Technologies", "Hardware", "Canada", "http://auroraq.com/", "AuroraQ (formerly QSpice Labs) strives to make quantum computers practical with hybrid quantum technology. They are an alumni of both the Creative Destruction Labs and Y Combinator programs. They were originally founded in Toronto, Canada in 2017 and have moved back to Waterloo, Ontario in Canada to continue work."
"Automatski", "Software", "India", "http://automatski.com/", "Automatski is an R&D holding company with locations in the Bengaluru, India and Los Angeles, California. They are performing research into several areas of quantum-inspired software to simulate various quantum computing configurations including a circuit-based quantum computer simulator, an adiabatic quantum computer simulator, and an annealing quantum computer simulator. They believe that their technology will allow them to simulate configurations with very large qubit counts. Automatski was originally registered in London in 2014, moved to India in 2016, and is now undergoing a restructuring and moving their headquarters to California."
"Avanetix", "Software", "Germany", "https://www.avanetix.io/", "Formed in January 2019 and located in Berlin, Germany, Avanetix provides a vertically integrated and industry-specific application software stack that uses classical optimization methods, machine learning and quantum computing to solve supply chain challenges.  Their software will utilize a hybrid approach of quantum and classical technology as powerful technologies in a unique, vertically integrated and industry-specific application software stack to simulate and optimize complex scenarios exponentially faster. They are supporting enterprises in the automotive, manufacturing and logistics industries to automate and optimize their supply chains in order to increase productivity and efficiency."
"BardeenQ Labs", "Hardware", "US", "https://www.waves.bardeenq.com/", "BardeenQ Labs aims to fully unlock the potential of the emerging technological revolution by building technologies utilizing the “quantum advantage”. To do this, they are creating a coherent platform to develop quantum technologies and spin-out products (called Quanta). Their first product, BardeenQ Waves, will be quantum-enabled vision systems and quantum AI chips to guarantee the safety of self-driving cars using a technology based upon ambient temperature quantum devices. The company was founded in 2019 and is located in the San Francisco Bay Area and Houston, Texas."
"Beit", "Software", "Poland", "http://beit.tech/", "Beit was founded in 2016 and is based in Kraków, Poland. Their main goal is to design and implement an algorithm for solving all relevant NP-complete class of problems using quantum computers. NP-complete problems are abstractions relevant for many real world problems encountered in logistics, manufacturing and warehousing at scale. Their research is co-financed by the European Funds under the Operational Program for Intelligent Development 2014-2020 with a grant that totals 10.9 Polish Zlotys (about $2.9 million USD) from all parties."
"Black Brane Systems", "Software", "Canada", "https://blackbrane.com/", "Incorporated in February 2016, Black Brane Systems is a quantum machine learning and computing start-up located in Toronto. They provide a cloud-based, virtualized 128-qubit Virtual Quantum Machine (VQM) service called BLACKSTONE which can serve as a target simulator for quantum programs written in Microsoft’s Q# language. Underlying Blackstone is a proprietary breakthrough in data structures that allows an unprecedented level of scalability for quantum calculations on classical computers."
"Bleximo", "Hardware", "US", "http://bleximo.com/", "Bleximo is building superconducting qubit based quantum accelerators which they call “qASIC” that work in conjunction with conventional powerful computers to tackle problems which are impractical or even impossible to solve on conventional digital computers alone. The company’s initial focus will be on providing quantum accelerators for simulating the structure and properties of molecules and chemical reactions. By modeling the behavior of certain molecules, Bleximo aims to help optimize drug discovery and drug design for pharmaceutical applications. Bleximo was established in 2017 and is based in Berkeley, California."
"Boxcat", "Software", "Canada", "http://boxc.at/", "Founded in 2017 and located in Toronto, Canada, Boxcat leverages the power of quantum computing to render images and videos faster, cheaper, and more efficiently than current methods. They are targeting the media and medical imaging industries as potential customers for their solution."
"bra-ket science", "Hardware", "US", "https://www.bra-ketscience.net/", "Formed in June 2017 and based in Austin, Texas, bra-ket science is developing a new approach to practical room temperature qubit storage. Their first publications and patent filings are currently in process and more information on them will be published when it is available."
"BraneCell", "Hardware", "US", "https://branecell.com/", "Founded in 2015 and headquartered in Cambridge, Massachusetts, BraneCell is building a new quantum microprocessor which can operate in an ambient environment. Their technology uses single molecule condensation and anti-condensation paired reactions in an ambient temperature apparatus. By their nature, these apparatus are artificial intelligence facile and allow for portable quantum computing because of the practical, moderate operating temperature. BraneCell’s approach is a little unique because they are targeting their technology to be used by individual customers in-house rather than access through a cloud environment."
"C12 Quantum Electronics", "Hardware", "France", "http://c12qe.com/", "None"
"Cambridge Space Technologies", "Communications", "UK", "https://www.cambridgespacetechnologies.com/", "Cambridge Space Technologies' mission is to provide provably secure cryptography globally. They aim to provide direct access for government and commercial users to quantum keys distributed via satellites in low earth orbit. Their first project will place a CubeSat into Low Earth Orbit (LEO) using currently available infrastructure and launch systems to facilitate a new standard of secure communications. The company was founded in April 2019 and is located in Cambridge, UK."
"Cambridge Quantum Computing Limited (CQC)", "Multiple", "UK", "http://cambridgequantum.com/", "CQC is company based in the United Kingdom with a focus on developing a Quantum Operating System including a platform for developing a quantum processor, and on related algorithms and software. CQC has built a proprietary operating system for Quantum Computers (t|ket>) and has a suite of quantum algorithms for applications and programmes in various stages of development. CQC has been working in the quantum computational chemistry area and recently announced they have successfully implemented state-of-the-art quantum algorithms on the IBM 16 qubit quantum computer to calculate the excited states of molecules that take into account multi-reference characteristics."
"Chicago Quantum", "Consulting", "US", "https://www.chicagoquantum.com/", "Chicago Quantum, a division of US Advanced Computing Infrastructure, Inc. and located near Chicago, Illinois, was started in 2018 to focus on helping enterprise, commercial clients apply quantum computing to solve business problems. They also provide strategic solutions for information security, sourcing of IT services, and program management."
"ClassiQ", "Software", "Israel", "https://www.classiq.io/", "Founded in early 2020 and based in Haifa, Israel, ClassiQ bridges the gap between complex quantum logic to real-world development and applications. ClassiQ tackles the most urgent and complex challenges in quantum computing development."
"CogniFrame", "Software", "Canada", "https://www.cogniframe.com/", "CogniFrame, based in Toronto and founded in 2016 has built a "Financial Services Operating Layer" that sits on top of the quantum cloud to solve complex optimization and simulation type problems. Their focus is on creating quantum computing applications and current projects are with several large global financial institutions.  They partner with leading quantum hardware providers and are a founding member of Quantum Industry Canada."
"ColdQuanta", "Hardware", "US", "https://www.coldquanta.com/", "ColdQuanta was founded in 2007 as a spin-off from the University of Colorado Boulder. They develop and design instruments, components and systems for scientific and industrial quantum applications such as cold atom experimentation, quantum simulation, quantum information processing, atomic clocks and inertial sensing. In August 2018, ColdQuanta received seed venture financing of $6.75 million and recently they announced a sponsorship of research at the University of Wisconsin – Madison to accelerate commercialization of neutral atom based quantum computing technology. Their goal is to eventually move up the chain and market quantum computing devices in addition to their current subsystem and component level product lines."
"Crypta Labs", "Communications", "UK", "https://www.cryptalabs.com/", "Crypta Labs, founded in 2014 and based in London, UK, has developed Quantum Random Number Generators (QRNGs) to produce truly random numbers for use in encryption. Their patent pending technology uses the quantum properties of light from a mobile device's lens and the light sensors to detect the photons beams and they count these photons to generate a random number. "
"Crypto Quantique", "Communications", "UK", "https://www.cryptoquantique.com/", "Crypto Quantique has developed a chip that generates complete random cryptographic keys using quantum tunneling. They combine this with their their cryptographic APIs and key management system to provide a secure end-to-end IoT security platform. Crypto Quantique was founded in 2016 and is located in London, UK."
"CryptoNext Security", "Communications", "France", "http://cryptonext-security.com/", "Formed in 2018 as a spin-off from INRIA, Paris and the Sorbonne University, and located in Paris, France, CryptoNext (formerly known as PQAT) develops quantum resistant algorithms for post-quantum cryptography. Their CryptoNext Quantum-Safe Library, is a cryptographic library that provides basic cryptographic public-key functionalities: quantum-safe signature and quantum-safe key-exchange (more precisely, Key Encapsulation Mechanism). The library offers a selection of the most promising quantum-safe algorithms selected at IETF and at the second stage of the NIST post-quantum standardization process."
"D Slit Technologies", "Software", "Japan", "http://d-slit.tech/", "Founded in June, 2018 and located in Tokyo, Japan, D Slit Technologies is a company that solves business problems by utilizing the principles of quantum mechanics. Their services include developing algorithms to implement applications on a quantum computer, providing a wide range of consulting support on quantum computing, and investigating the latest research on quantum computers and supporting proof-of-concept (PoC) demonstrations."
"Delft Circuits", "Hardware", "Netherlands", "http://www.delft-circuits.com/", "Delft Circuits is based in Delft, The Netherlands and provides quantum hardware solutions. Their Cri/oFlex® product line, is an ultra-low thermal conductance and massively scalable cryogenic I/O solution using superconducting circuits on flexible substrates. They also design and fabricate custom-engineered superconducting quantum circuits and cryogenic instrumentation."
"Driven Quantum Technologies", "Multiple", "US", "http://drivenquantumtechnologies.com/", "Driven Quantum Technologies was founded in April 2019 and is based in the Washington, DC area. They are involved in the development of IP for eventual technology licensing to companies involved in designing quantum computing related products for quantum sensing/metrology, quantum biology, military/intelligence, medical/assistive, and other applications.  The company is still in stealth mode."
"D-Wave Systems Inc.", "Hardware", "Canada", "http://www.dwavesys.com/", "D-Wave was one of the earliest commercial companies formed to pursue quantum computing. There were founded in 1999 in Vancouver, Canada with the goal of making practical quantum computing a reality and have focused on developing a series of adiabatic quantum annealing processors that can be used with quadratic unconstrained binary optimization (QUBO) problems. Their latest machine is a 2000 qubit machine called the D-Wave 2000Q. D-Wave offers this machine for sale to customers who wish to install a machine on-site. D-Wave also provides offers cloud computing services for customers who wish to access this capability remotely. In addition to the hardware, D-Wave also offers a full suite of software development tools and libraries to help their customers accelerate the development of applications for use on the machine."
"EeroQ", "Hardware", "US", "http://eeroq.com/", "EeroQ is a quantum hardware start-up based in New York and Lansing, Michigan formed earlier in 2017. They are working on developing a unique quantum chip that would have potential advantages over other qubit technologies. Their technology is based upon an electronics on helium approach which is described here. EeroQ is co-founded by Professor Johannes Pollanen at Michigan State University (MSU), Nick Farina and Faye Wattleton. Professor Pollanen has funding from MSU and an NSF grant, and EeroQ has additional private investors."
"Elyah", "Software", "UAE", "https://www.elyah.io/", "Elyah is a quantum software company that actively builds and improves upon existing quantum algorithms to make them faster and easier to implement for future quantum computer applications. They were founded in 2018 and are based in Dubai, UAE."
"Entanglement Partners", "Consulting", "Spain", "http://www.entanglementpartners.com/", "Entanglement Partners is a consulting firm with headquarters in Barcelona, Spain that provides consulting services in the areas of Events & Communications, Go-to-Market, Infrastructure, Quantum Applications, Strategic Consulting, and Venture Building. They have additional resources in Madrid, Spain, San Jose, California, and Kerala, India."
"Entropica Labs", "Software", "Singapore", "https://www.entropicalabs.com/", "Entropica Labs is a Singapore based quantum software company. They are focusing on using quantum computing for computational genomics applications in market segments such as healthcare, pharmaceuticals, and agritech. Entropica Labs has support from the SGInnovate, Creative Destruction Lab and Entrepreneur First (EF)."
"equal1.labs", "Hardware", "Ireland and U.S.", "https://equal1.us", "equal1.labs has been developing silicon based quantum computer technology since 2017 in collaboration with the University College Dublin. Their hardware development laboratory is in Fremont, California and their silicon design center is at NovaUCD in Dublin, Ireland. They are using a  GlobalFoundries FDX-22nm FD-SOI process to develop silicon based qubit chip with integrated control electronics. Their next test chip will integrate 424 qubits into a controllable quantum gate matrix allowing efficient implementations with C3NOT arrays with adjustable connectivity. "
"evolutionQ", "Communications", "Canada", "http://www.evolutionq.com/index.html", "evolutionQ offers a suite of proprietary products and services including quantum risk assessments, roadmap design and implementation, quantum safe hardware and software, and education services to allow organizations to avoid quantum security threats to their IT infrastructure. They are based in Waterloo, Ontario, Canada and were formed in 2015."
"EYL", "Communications", "South Korea", "https://www.eylpartners.com/", "EYL provides an tiny 5-millimeter quantum random number generator chip based upon a radioactive isotope method. EYL is also developing an ultralight chip encrypter for all IoT devices as well as a thin film-type quantum random generator for ID and credit cards. The company was formed in 2015 and is headquartered in Seoul, South Korea with additional offices in Arlington, Virginia."
"GTN LTD", "Software", "UK", "https://gtn.ai/index.html", "GTN innovates a quantum machine learning technology to transform drug discovery. They were founded in May 2017 and based in London, England. Their patented technology, called Generative Tensorial Networks, searches the astronomically large space of drug-like molecules. The software combines and builds upon techniques from machine learning and quantum physics to simulate, filter and search for molecules, halving development costs and discovering molecules entirely hidden from view. GTN participates in the Prosperity Partnership, funded by the UK’s Engineering and Physical Sciences Research Council (EPSRC), which is a collaboration between the UCL Quantum Science and Technology Institute, Google Quantum AI Lab and the University of Bristol Quantum Information Institute to harness the power of quantum computers for applications in modelling and simulation."
"H-Bar Consultants", "Consulting", "Australia", "http://www.h-bar.com.au/", "Headquartered in Melbourne, Australia and founded by experts in quantum physics and technology, h-bar is the first consultancy specializing in quantum technology. They act as intermediaries and/or advisors for organizations looking to make investments or investigate issues related to quantum technology. They can advise clients globally on both business and technical issues."
"High Precision Devices (HPD)", "Hardware", "US", "http://www.hpd-online.com/", "HPD designs and delivers advanced cryogenic instruments and research equipment to support quantum information and superconducting supercomputing development companies. Their systems solutions, including probe stations and scanning probe microscopy, deliver very low temperature and vibration environments with excellent optical and electrical access. HPD is a private company formed in 1993 and located in Boulder, Colorado."
"Horizon Quantum Computing", "Software", "Singapore", "http://horizonquantum.com/", "Launched in January 2018, Horizon Quantum Computing is a Singapore-based early stage start-up focused on building software development tools to drive the next computing revolution."
"HQS Quantum Simulations", "Software", "Germany", "https://quantumsimulations.de/", "Formed in 2018 and based in Karlsruhe, German, HQS Quantum Simulations (formerly Heisenberg Quantum Simulations) is developing quantum algorithms to predict molecular properties for performance materials, specialty chemicals and pharmaceutical companies. They also have developed a port between ProjectQ and Cirq, called CirqProjectQ. This port is a ProjectQ backend which can convert a ProjectQ algorithm to native Xmon gates that can be used to simulate a Google quantum computer with ProjectQ."
"Huawei", "Other", "China", "https://www.huawei.com/en/?ic_medium=direct&ic_source=surlent", "Although they are definitely not a startup company, Huawei is privately held by their employees and is the largest telecommunications equipment manufacturer in the world. They are based in Shenzhen, China and achieved revenue of about $92 billion USD in 2017. They recently announced the HiQ Quantum Computing Simulation Cloud Service Platform and have described it as their first step in the research and innovation of quantum computing."
"ID Quantique", "Communications", "Switzerland", "http://www.idquantique.com/", "ID Quantique, based in Switzerland, provides quantum-safe network encryption, secure quantum key generation and quantum key distribution solutions and services to the financial industry, enterprises and government organizations globally."
"InfiniQuant", "Communications", "Germany", "http://infiniquant.com/", "InfiniQuant is located in Erlangen, Germany and hosted at the Max Planck Institute for the Science of Light. They are in an early startup phase and are focusing on the development of Continuous Variable Quantum Key Distribution (CV-QKD) products based upon satellite and telecom fiber quantum channels."
"IonQ", "Hardware", "US", "http://ionq.co/", "IonQ is a new startup based in College Park, Maryland being formed by scientists at the University of Maryland and Duke University. They will be pursuing quantum computing based upon trapped ion technology. We will publish more information on them as it becomes available."
"IQM Finland", "Hardware", "Finland", "http://meetiqm.com/", "Founded in 2018 and based in Espoo, Finland, IQM is building scalable hardware for universal general purpose quantum computer based upon superconducting qubits. They were founded as spin-off of the Quantum Computing and Devices research group of Aalto University. IQM is making use of a patented patented quantum-circuit refrigerator technology that was originally developed at the Quantum Computing and Device research group."
"ISARA", "Communications", "Canada", "https://www.isara.com/", "Based in Waterloo, Ontario, Canada and founded in 2015, ISARA provides quantum computer resistant software products and also provides customers with quantum readiness security planning. A key product is the ISARA Radiate Security Solution Suite which provides public key encryption and digital signature algorithms which cannot be broken by a quantum computer using Shor’s algorithm to factor a large prime number or by any other known classical or quantum algorithm."
"Janis Research", "Hardware", "US", "https://www.janis.com/Applications/QuantumComputing.aspx", "Janis Research is a private company and is the only U.S. commercial manufacturer of dilution refrigerators for superconducting quantum computers. They were founded in 1961 and are located in Woburn, Massachusetts. For quantum computing applications, Janis offers the JDry series of cryogen-free dilution refrigerators with two different standard sized models along with a LabVIEW™ based JACoB gas handling controller to make running the refrigerators an easy task."
"Jij", "Software", "Japan", "https://j-ij.com/", "Jij conducts R & D and software development aimed at practical application of annealing machines by a team mainly composed of experts who are conducting theoretical research on quantum annealing and applied research on real world problems. They are developing OSS software for the Ising Model (QUBO) called OpenJij. They were established in November 2018 and are located in Tokyo, Japan."
"JoS QUANTUM", "Software", "Germany", "https://jos-quantum.de/", "Founded in 2018 and located in Frankfurt am Main, Germany, JoS Quantum will provide software algorithms for quantum computers to speed up and improve the financial service industry. They plan on providing software packages, system integration services and an API to access quantum computers remotely with a particular focus on optimization problems for use cases such as risk management, fraud detection, trading, and more. Besides developing their own products they will also provide research-as-a-service (RaaS) and consulting services for knowledge transfer and software integration."
"Ketita Labs", "Software", "Estonia", "http://ketita-labs.com/", "Founded in 2018, Ketita Labs OÜ is an Estonian university spin-off. They develop software for near-term quantum computers."
"KETS Quantum Security", "Communications", "UK", "http://kets-quantum.com/", "KETS Quantum Security is based in Bristol, United Kingdom and has developed a range of technologies for quantum-secured communications, including quantum key distribution (QKD) and quantum random number generation (QRNG). Their devices are based on integrated photonic technologies leading to miniaturization, cost-effective manufacture, and complex functionality. KETS provides consulting services and joint development services to assist SMEs and global corporation in the custom development of quantum-secured solutions."
"kiutra", "Hardware", "Germany", "https://kiutra.com/", "Kiutra develops fully-automatic solutions that generate cryogenic temperatures in the Kelvin and sub-Kelvin regime for quantum computers using a magnetic refrigeration technique. Unlike other technologies, their approach does not require use of the Helium-3 isotope which can be in short supply. They indicate their solution is user-friendly, low-maintenance and scalable. The company is a spinoff of the Technical University of Munich (TUM), was founded in July 2018 and is located near Munich, Germany."
"Labber Quantum", "Software", "US", "http://quantum.labber.org/", "Based in Cambridge, Massachusetts, Labber Quantum develops control solutions for experimental quantum computing. Their product provides an interface between the quantum devices and the classical electronics needed for control and manipulation. The software handles instrument control, signal generation, qubit calibration and dynamical error suppression. This ensures that users get the most out of their qubits and allows them to accurately implement the intended quantum algorithms. The software is designed to work with any qubit type and instrument vendor, allowing flexibility in terms of hardware. Labber Quantum was acquired by Keysight Technologies in March 2020."
"Low Noise Factory", "Hardware", "Sweden", "https://www.lownoisefactory.com/", "Low Noise Factory designs and sells very high performance room temperature and cryogenic low noise amplifiers. The bulk of their sales is to the quantum computing market and they are part of part of EU funded OpenSuperQ (An Open Superconducting Quantum Computer) project. Low Noise Factory is based in Göteborg, Sweden and was founded in 2005."
"Magiq", "Communications", "US", "http://www.magiqtech.com/", "Magiq with R&D facilities in Somerville, Massachusetts previously developed quantum key distribution products called the QPN-8505 and Q-Box. These are no longer actively marketed as standard products, but Magiq will develop custom solutions for customers based upon the technology that they developed for these products."
"MDR", "Software", "Japan", "http://mdrft.com/en/", "Based in Tokyo and established in 2008, MDR Corporation develops hardware, middleware and applications for quantum computing, collaborating with Japanese domestic companies, organizations and universities. MDR provides a Python based SDK (Software Development Kit) called Blueqat for universal gate model quantum computers and MDR Superfast, an NVIDIA CUDA based simulator. MDR recently announced an agreement with D-Wave to use their quantum computers to develop quantum computing applications for machine learning and optimization problems which you can view by clicking here."
"Menten", "Software", "Canada", "https://menten.ai/", "Menten is a biotech startup developing a software platform for protein design using next-generation technology that leverages machine learning and quantum computing. The team has made significant progress towards their goal by developing the first fully scalable algorithm for peptide and protein design on a quantum computer and creating the world’s first peptide designed on a quantum computer. Menten was founded in August 2018 and they are located in Toronto, Canada."
"M-Labs", "Multiple", "Hong Kong", "http://m-labs.hk/", "Founded in 2007 and located in Hong Kong, M-Labs main project today is ARTIQ (Advanced Real-Time Infrastructure for Quantum physics), a leading-edge control system for quantum information experiments. This hardware and software solution was originally developed in partnership with the Ion Storage Group at NIST, and is now used and supported by a growing number of research institutions worldwide."
"Multiverse Computing", "Software", "Spain", "http://multiversecomputing.com/", "Multiverse Computing provides software for companies in the financial industry that want to gain an edge with quantum computing. Their fields of expertise include portfolio optimization problems, risk analysis, and market simulation. They were formed in December 2017 and are based in San Sebastián, Basque Country, Spain."
"NetraMark", "Software", "Canada", "https://netramark.com/", "Located in the Toronto, Canada area and formed in late 2015, NetraMark uses classical and quantum machine learning to help pharmaceutical companies with failing or failed clinical trials and also to predict novel drug targets. They believe that their analytical tools can reveal insights about safety, placebo, and response that lead to massive savings in time and money for pharmaceutical companies. NetraMark is another alumni of Toronto’s Creative Destruction Lab’s Quantum Machine Learning program and they are currently working with several pharmaceutical companies to apply their technology."
"NextGenQ", "Hardware", "France", "https://www.nextgenq.com/", "Founded in 2019 and based in Rennes, Brittany, France, NextGenQ is working to build a quantum computer using ion trap technology."
"Nordic Quantum Computing Group (NQCG)", "Software", "Norway", "http://nqcg.com/", "NQCG, originally formed in 2000 and based in Oslo, Norway, is developing platform agnostic quantum software building on the latest advances in superconducting qubits and photonic quantum computing. Their applications R&D team is primarily developing hybrid quantum-classical and full quantum algorithms and applications for the financial services and industrial technology sectors, focusing on pursuing quantum advantage in the three quantum information technology core areas of simulation, optimization and artificial intelligence, as well as development of chip designs for optimized performance of quantum algorithms."
"Nu Quantum", "Communications", "UK", "http://nu-quantum.com/", "Founded in September 2018 and located in London, UK, Nu Quantum is a spin-out from the Cavendish Lab at the University of Cambridge developing quantum security technology."
"ODE, L3C", "Software", "US", "https://odestar.com/", "ODE's mission is to change the world by solving non-deterministic polynomial-time hardness chemistry problems with quantum algorithms running on any suitable computing platform including classic, hybrid classic-quantum digital or analog hardware.  They have developed an algorithm called Quantum Learned Electrons and Nuclei (QLEAN) which they believe can provide better simulations than currently available computational chemistry packages that implement the Born-Oppenheimer (BO) approximation.  ODE is based in Spokane, Washington and was formed in December 2018."
"Orange Quantum Systems", "Consulting", "Netherlands", "https://orangeqs.com/", "Orange Quantum Systems provides an engineering service for labs that do research into quantum physics and quantum computing technology. Their team has a proven track record for designing, engineering, procuring and delivering complex experimental setups. This know-how is also being used to develop our own product line of quantum computers, which they are co-developing with their innovation partners.  Orange Quantum Systems was spun out of QuTech in April 2020 and is located in Delft, The Netherlands."
"ORCA Computing", "Hardware", "UK", "https://www.orcacomputing.com/", "Based in London, UK and founded in September 2019, ORCA Computing is developing a scalable and flexible quantum computing using photonic technology. They have a proprietary quantum memory technology which allows storage and greater synchronization of quantum operations. This enables a ‘repeat-until-successful’ operation, rather than requiring a large number of separate components that work in parallel."
"Origin Quantum Computing", "Hardware", "China", "http://www.originqc.com.cn/index.html?lang=en_US", "Origin Quantum Computing was founded on September 2017 in Heifei, China by the doctoral team of the quantum information laboratory at the Chinese Academy of Sciences. They say that they are the first startup company in China whose main business is the development and application of quantum computers and indicate they will release China’s first quantum computing control system very soon. They have released a quantum software development kit called Qpanda 2.0 on GitHub which can be use to create quantum circuits and experiments on various quantum computers. Origin Quantum Computing has developed a 2 qubit chip based on quantum dot technology and a 6 qubit chip based on superconducting technology. They are also working on a full quantum computer as well as quantum cloud service platforms for both quantum simulators and quantum hardware chips."
"Oxford Ionics", "Hardware", "UK", "https://www.ipgroupplc.com/our-portfolio/portfolio/oxford-ionics", "Founded in April 2019 and located in Oxford, UK, Oxford Ionics is a new quantum computing spin-out from the Department of Physics at the University of Oxford. working to create a commercially viable ion trap based quantum computer."
"Oxford Quantum Circuits", "Hardware", "UK", "http://oxfordquantumcircuits.com/", "Oxford Quantum Circuits was founded in June 2017 by Professor Peter Leek, who is based at the Clarendon Laboratory Oxford, and is aiming to build a quantum computer based upon a superconducting circuit approach to forming qubits. The intention is to leverage the latest technology in this field and overcome the key challenge that has confounded researchers to date scaling the system up to a large number of qubits. Parkwalk Opportunities Fund Inc provided them with Series A funding in September 2017 for an undisclosed amount."
"ParityQC", "Other", "Austria", "https://parityqc.com/", "ParityQC (short for Parity Quantum Computing) was founded in January 2020 in Innsbruck, Austria and is a spin-off from the University of Innsbruck. They are a quantum architecture company which develops blueprints for quantum computers to solve optimization problems. The architecture delivers the instruction set and layout for quantum chips, be it digital or analog. They have a related software suite called ParityOS which optimizes the quantum algorithms as well as the hardware parameters. Their belief is that the co-development of hardware design and quantum algorithms facilitates the advantage of a perfectly aligned quantum computer for optimization problems. The architecture is based on the LHZ architecture and is compatible with all current hardware platforms including both gate-based and annealing methods. This allows them to provide a fully programmable, parallelizable (no SWAP gates), and scalable architecture which can be built with a greatly reduced complexity and a quantum optimization architecture which is independent from the problem."
"Pasqal", "Hardware", "France", "http://pasqal.io/", "Located in Palaiseau, France (near Paris) and founded in 2019, Pasqal is building a programmable quantum simulator using atomic arrays of neutral atoms. The technology is based upon work done by the Quantum Optics – Atoms group within the Laboratoire Charles Fabry at the Institut d’Optique."
"Phase Space Computing", "Other", "Sweden", "https://phasespacecomputing.com/", "Located in Linköping, Sweden, Phase Space Computing is a spinoff company from Linköping University which produces educational tools for quantum information science that can be used at the high school, undergraduate or graduate levels. They provide toolboxes which contain electronic circuit boards that approximate the behavior of quantum gates. These gates are modular and can be connected into quantum circuits. The toolboxes can demonstrate functions such as quantum key distribution, teleportation, superdense coding, the Deutsch-Jozsa algorithm and Shor’s algorithm."
"PhaseCraft", "Software", "UK", "https://phasecraft.io/", "PhaseCraft is a quantum software company founded by professors from the University College London (UCL) and the University of Bristol. They will be working on a program with UCL, the University of Bristol, and Google on a research program involving quantum modelling and simulation. They are based in London and were founded in February 2018."
"Photonic Inc.", "Hardware", "Canada", "https://photonic.com/", "Photonic is a spinoff of the Silicon Development Lab at Simon Fraser University developing quantum hardware based upon photonic and also spin qubit technologies.  They are located in Vancouver, Canada and were formed in October 2019."
"Post-Quantum (PQ Solutions)", "Communications", "UK", "https://www.post-quantum.com/", "Post-Quantum (PQ Solutions) offers a variety of information security products and services including quantum secure encryption algorithms. They are based in London and were founded in 2009."
"PQShield", "Communications", "UK", "https://pqshield.com/", "Founded in 2018 and based in Oxford U.K. as a spinout of the Mathematical Institute at the University of Oxford, PQShield is developing real-world, high performance implementations of post-quantum cryptography algorithms. They are an active participant in NIST’s Post Quantum Cryptography standardization process and they are working with several candidate algorithms that are being evaluated as part of Round 2 selection process. "
"ProteinQure", "Software", "Canada", "https://www.proteinqure.com/", "ProteinQure is a biotech firm that uses computational R&D tools to perform drug design in silico. They leverage quantum computing, molecular simulations and reinforcement learning to engineer novel therapeutics. They were established in October 2017 and are based in Toronto, Canada. ProteinQure is also an alumni of the Creative Destruction Lab in Toronto."
"PsiQuantum", "Hardware", "US", "https://psiquantum.com/", "PsiQuantum was formed in June 2016 and based in Palo Alto, California. They are using a photonic approach to manufacture a universal quantum computer in a CMOS silicon fab. They are still in stealth mode and more information on them will be published when it is available."
"Q&I", "Consulting", "UK", "http://qandi.co.uk/", "Q&I, based in the UK, provides consulting services and solutions across the full breadth of quantum technology sectors including how to resolve critical quantum information and technology challenges, as well as exploit their opportunities. Their activities range from broad scoping reports to detailed application-specific design studies, and services include quantum readiness assessments and support with due diligence in quantum technologies."
"Q-CTRL", "Software", "Australia", "https://q-ctrl.com/", "Q-CTRL is an Australian startup led by professor Michael Biercuk from the University of Sydney. They are developing a firmware framework for quantum computers to address the issue of error control. Q-CTRL has recently launched their first software product called Black Opal, a hardware agnostic control software program that works to reduce decoherence and errors at the physical layer. Users who have already signed agreements to use this software include IBM, Bleximo, and others."
"Q-Lion", "Software", "Spain", "https://www.q-lion.com/", "Q-Lion is a quantum computing software company focused on creating realistic fault- tolerant quantum error-correcting codes (FTQECC) to combat decoherence in trapped ions quantum computers. They are working to distribute fault-tolerance QECC for a low number of ions with the aim to show some quantum advantage in the existing quantum processors. Q-Lion is based in Madrid, Spain and was founded in January 2019."
"Qasky", "Communications", "China", "http://www.qasky.com/en/default.asp", "Qasky, or more formally called Anhui Qasky Science and Technology Limited Liability Company, was formed in 2016 in Wuhu City, Anhui Province, China to commercialize quantum cryptography research at the Chinese Academy of Sciences. They are offering or plan to offer products and services including the quantum cryptography communication terminal equipment, network switching/routing equipment, core optoelectronic devices and modules, opening experiment system, scientific instruments and network security control and application software, etc., and integrated solutions for quantum information security system."
"QbitLogic", "Software", "US", "http://www.qbitlogic.com/", "QbitLogic is a quantum computing software company with a general focus on AI algorithms for quantum computers. They are located in Atlanta, Georgia."
"Qblox", "Hardware", "Netherlands", "https://qblox.com/", "Qblox is an early stage startup that is developing technology to enable scalable control of quantum computers. The company was founded in 2019 and is based in Delft, The Netherlands."
"QC Ware", "Software", "US", "http://qcware.com/", "Founded in 2014 and based in Palo Alto, California, QC Ware Corp. develops hardware agnostic enterprise software solutions for quantum computers. QC Ware delivers their capabilities through a cloud-based platform that runs on diverse QC architectures. Their software stack includes plug-and-play function libraries that support optimization, machine learning, and quantum simulations. In July 2017, QC Ware received Series A financing for $6.5 million."
"QEYnet", "Communications", "Canada", "https://qeynet.com/", "Located in the Toronto, Canada area and incorporated in 2017, QEYnet is working to build the world’s first global quantum key distribution (QKD) network using satellite technology to overcome the distance limitations of fiber optic cables. The company was founded by a group of aerospace engineers who have built their careers designing small, low-cost, but highly-capable spacecraft."
"Qilimanjaro Quantum Tech", "Hardware", "Spain", "http://qilimanjaro.tech//", "Qilimanjaro Quantum Tech, S.L. was founded in 2019 and will be based in Barcelona, Spain. It is a spinoff of the Barcelona Supercomputing Center (BSC), the Institute of High Energy Physics (IFAE) and the University of Barcelona (UB). Their vision is to build a cloud platform available to everyone who would like to explore novel quantum computing technologies at low cost. They plan on constructing a coherent quantum annealer based upon persistent current flux qubits and offering access over the cloud. They will also have a services group that will assist companies to adapt their problems to quantum algorithms that run on quantum machines, focusing on hybrid optimization and ML algorithms. The company has already closed consulting contracts along both lines of business. In addition it is a member of the AVaQus annealing based variational quantum processors' project funded by the European Commission in 2020. "
"Qindom", "Software", "Canada", "http://qindom.com/", "Qindom Inc., based in Toronto, Canada, was founded in January 2018 as a Quantum Intelligence (QI) research and solution service provider. They are dedicated to reconstructing AI with quantum computing technologies in research and applications. Qindom’s open platform and intellectual properties are designed for applying quantum computing to revolutionize fundamental algorithms and models in AI and realizing quantum intelligence in real-world industry practices. Qindom has secured seed funding of $2 million from undisclosed investors."
"Qnami", "Hardware", "Switzerland", "https://qnami.ch/", "Founded in 2016 and located in Basel, Switzerland, Qnami designs and produces quantum solutions for high precision sensing and imaging applications. They offer B2C microscopy solutions for device inspection and failure analysis at the nanoscale. In addition, they support companies with a quantum foundry for the design and production of ultra sensitive sensors across several areas including semiconductor, medical imaging and early-stage medical diagnostics."
"Qrithm", "Software", "US", "http://qrithm.com/", "Qrithm develops novel quantum algorithms with applications to machine learning, materials science, cryptography and high frequency trading. There were founded in 2018 and based in Pasadena, California."
"Qrypt", "Communications", "US", "https://www.qrypt.com/", "Qrypt, headquartered in New York City, was officially formed at the beginning of 2018 but had been in the works for many years prior. With high-level leadership expertise from the intelligence community, their hardware and software engineers are developing a cryptographic solution based on high speed quantum random number generation powered by multiple entropy sources exclusively licensed from national laboratories like Oak Ridge National Lab and others. They combine quantum random key generation with their own information theoretic secure algorithm to implement post quantum secure cryptography for use by Fortune 500, critical infrastructure providers and any other entities that needs to keep information secure forever. Their technology stack will also include additional security protocol layers such as AES, the future NIST PQC selected algorithms and others. Qrypt is an investor in Barcelona-based Quside, which is focused on developing high quality and high speed quantum random number generators."
"QSimulate", "Software", "US", "https://qsimulate.com/", "QSimulate is a developer of tools intended for quantum molecular simulations in the cloud. The company offers a cloud-based time-to-solution simulation platform for chemical and pharmaceutical industries, enabling companies to accelerate their computational research and development.  They have collaborations with Amgen, the Google AI Quantum Lab, and the Amazon Quantum Solutions Lab.  The company has locations in Cambridge, Massachusetts and Pasadena, California and was founded in 2018. "
"Qu & Co", "Software", "Netherlands", "http://quandco.com/", "Based in Amsterdam, Netherlands, Qu & Co partners with corporate clients to identify high-value business problems for which quantum computing is expected to provide tractability or speed-up compared to classical computing. Together with their scientific advisors (academia from the leading quantum information processing groups) their consultants and quantum-developers help clients to map their business problems to appropriate quantum algorithms, test those algorithms on a simulator, benchmark their performance against the available classical solutions, and select the best suitable quantum hardware for running the algorithms and to implement the chosen solution on the chosen hardware. Qu & Co works with multiple hardware developers to offer their clients the best suitable platform for solving their specific business challenges."
"Quacoon", "Consulting", "US", "http://quacoon.com/", "Quacoon is a cross domain Quantum Computing  and  Artificial Intelligence innovator, working on industry relevant software solutions. Their mission is to accelerate adoption and execution of quantum computing and artificial intelligence in as many domains as possible.  They were founded in January 2020 and are located in Lewis Center, Ohio."
"Quandela", "Hardware", "France", "http://quandela.com/", "Founded in 2017 and based near Paris, France, Quandela develops and commercializes high performance, compact devices for quantum optics applications. The core technology consists of semiconductor based photonic qubit generators (state-of-the-art deterministic single-photon sources) implemented to scale-up optical quantum computing protocols with a large number of photons. Leveraging this technology Quandela is also developing NISQ computing platforms."
"Quantastica", "Software", "Estonia", "https://quantastica.com/", "Founded in February 2019 and located in Tallinn, Estonia and Subotica, Serbia, Quantastica provides software tools and solutions to help people utilize hybrid quantum-classical computing techniques. One of their key products is the Quantum Programming Studio, a web based graphical user interface for designing quantum algorithms and executing on simulators or real quantum computers.  The have also released software called Forest Backend for Qiskit that allow someone to run Qiskit programs on Rigetti simulators and quantum computers by changing only two lines of code."
"Quanterro Labs", "Software", "United Arab Emirates", "https://www.quanterro.com/", "Quanterro is an association of researchers and entrepreneurs working in the development of quantum information and security. They address the global market need to focus upon middleware and software development for emerging quantum hardware from providers such as D-Wave, Google, IBM and others. The company also provides hosting, academic and consulting services in multiple industries such as cybersecurity, defense, public sector technology, automotive, healthcare, manufacturing and education.  They were formed in January 2019 and based in Abu Dhabi, UAE."
"QuantFi", "Software", "France", "https://www.quantfi.com/", "QuantFi is a French-based start-up research firm formed in 2019 that specializes in creating quantum computer algorithms for the financial services industry. They are engaged in academic research in coordination with various public bodies and have a long term strategy to utilize quantum computer technology to perform financial portfolio management. Their employees have expertise in finance, portfolio asset management, valuation, research, investment analysis, mortgage-backed securities, quantum computing, computer science, mathematics and physics."
"QuantiCor Security", "Communications", "Germany", "https://quanticor-security.de/en/home/", "QuantiCor Security provides post-quantum cryptographic solutions for Internet-of-Things (IOT) and blockchain applications. They recently received an Accenture Innovation Award for their security solutions. QuantiCor is located in Darmstadt, Germany and key personnel came from TU Darmstadt. The company was founded in June 2017."
"Quantika", "Consulting", "Japan", "http://quantika.co/", "Quantika provides consulting services to navigate the emerging market of quantum technologies. Quantika has personnel based in the UK, France, and Japan and works with investors, start-ups, researchers, and corporate innovators with technology transfer and successful start-up creation."
"Quantopticon", "Software", "UK", "https://quantopticon.co.uk", "Quantopticon is an early-stage company that produces unique modelling software for designing and optimizing quantum components, the building blocks of emerging quantum technologies, such as quantum computers and quantum communication channels. They were founded in 2017 and are located in London, England."
"Quantropi", "Communications", "Canada", "https://quantropi.com/#/home", "Quantropi has developed a software-based encoding engine which leverages principles of quantum mechanics to protect data-in-transit. The solution is lightweight, low-latency, and quantum secure, and has been implemented into a key distribution demonstrator. The goal is to develop an alternative solution to photonic quantum key distribution that doesn’t require new hardware with a specific near-term focus on Internet of Things (IoT) applications.  Quantropi was founded in January 2018 and is located in Ottawa, Canada."
"Quantum Base", "Communications", "UK", "https://quantumbase.com/", "Quantum Base invents, designs, and develops mass producible quantum security solutions and devices at the nanoscale. These are based on quantum mechanics rather than mathematical complexity, so ensuring 100% secure digital information.  They provide optical and electronic PUF (Physically Unclonable Functions) devices which cannot be cloned, copied, or simulated which are used for security tags and quantum signature applications.  They also provide a nanoscale quantum random number generator (Q-RAND) that can be  integrated into existing and new microelectronic systems. The company was founded in 2014 and they are located in Lancaster, U.K."
"Quantum Benchmark Inc.", "Software", "Canada", "http://quantumbenchmark.com/", "Quantum Benchmark Inc. is headquartered in Waterloo, Ontario, Canada, and spun out of the Institute for Quantum Computing and the University of Waterloo in February 2017. They offer a range of products and services to serve both quantum computing users and vendors, across all quantum computing hardware architectures. Their flagship product is the True-Q software suite, an industry-standard tool for optimizing large-scale quantum hardware performance, which extends and validates the run-time capabilities for different user applications through the company’s world-leading error diagnostic and error mitigation technology."
"Quantum Brilliance", "Hardware", "Australia", "https://quantumbrilliance.com/", "Quantum Brilliance is developing a quantum computing platform based on atomic-scale defects in diamond (nitrogen-vacancy centers) that will run at room temperature.  They are a spinout of the diamond quantum program at Australian National University. Quantum Brilliance is based in Canberra, Australia and was founded in October 2019."
"Quantum Circuits, Inc.", "Hardware", "US", "http://quantumcircuits.com/", "Quantum Circuits, Inc. (QCI) was founded by three scientists from the Department of Applied Physics at Yale University with expertise in quantum devices and quantum information processing using solid state devices. QCI’s long-term goal is to develop, manufacture, and sell the first practical and useful quantum computers based on superconducting devices. QCI will also commercialize components, devices, and software that will accelerate basic research and enable the scaling of quantum computing. QCI was formed in late 2015 and is based in Connecticut."
"Quantum Computing & AI Research (QCAR)", "Consulting", "Taiwan", "http://www.quantum-research.com.tw/", "Located in Hsinchu, Taiwan and founded in November 2017, Quantum Computing & AI Research (QCAR) is the first quantum computation related research private company in Taiwan. Currently they are focusing on modeling new topological qubits and also  serve as a consultant for all potential startup companies, not only in Taiwan but around the globe. Their web site is presently in Chinese, but you can use Google Translate to translate it. An English version of the web site is under construction."
"Quantum Dice", "Communications", "UK", "https://www.linkedin.com/company/quantum-dice/", "Quantum Dice is a technology spin-out from the University of Oxford, commercializing a self-certifying random number generator (QRNG) device which generates unbiased, true random numbers. The QRNG will be an integrated on-chip device which generates cryptographically secure random numbers allowing for use in a range of commercial applications.  They were founded in July 2019 and headquartered in Oxford, England."
"Quantum Factory", "Hardware", "Germany", "https://quantum-factory.de/", "Quantum Factory GmbH is a startup founded in 2018 in Munich, Germany to build ion-trap based quantum computers and sell computational power as a service. Quantum Factory’s unique advantage is a proprietary ion trap drive that simplifies the joining of ion trap modules and the establishment of junctions in an ion trap. Quantum Factory plans to build quantum computers modularized to the extreme and readily scale them to large numbers of physical qubits while providing high quantum gate fidelity."
"Quantum Impenetrable", "Communications", "UK", "http://quantumimpenetrable.com/", "Formed in April 2018 and based in Scotland, Quantum Impenetrable has developed a cryptographic hardware security module (HSM) inspired by genetics and quantum physics and combined with a quantum / true random number generator that provides encryption that the company says is unbreakable by either classical or quantum computers."
"Quantum Machines", "Multiple", "Israel", "https://www.quantum-machines.co/", "Founded in March 2018 in Tel Aviv, Israel, by three physicists from the Weizmann Institute of Science, Quantum Machines is developing operation and control systems for quantum computers – hardware and software that allow to realize the potential of quantum computing. Their technology is based upon integration of a wide range of fields, including digital signal processing, algorithms, FPGA, chip design, RF/microwave engineering, programming, optimization, machine learning and quantum physics."
"Quantum Microwave", "Hardware", "US", "https://quantummicrowave.com/", "Quantum Microwave develops and manufactures cryogenic microwave components for quantum computers. Their products include cryogenic bias tees, cryo diplexers, cryo filters, cryo attenuators, cryo terminations, cryo image reject mixers, and cryo directional couplers. Quantum Microwave is based in Cohasset, Masachusetts and was formed in 2016."
"Quantum Motion Technologies", "Hardware", "UK", "http://quantummotion.tech/", "Quantum Motion Technologies was founded on the research undertaken by Professor Simon Benjamin (Department of Materials, Oxford) and Professor John Morton (Department of Engineering Science, Oxford). The company was formed in June 2017 and located in Oxford and London, United Kingdom. The company aims to develop quantum computer architectures based on silicon technology, leveraging CMOS processing to achieve high-density qubits which can scale up to large numbers and tackle practical quantum computing problems. They received seed funding from the Parkwalk Opportunities Fund in November 2017."
"Quantum Phi", "Consulting", "Czech Republic", "https://quantumphi.com/index.php", "Quantum Phi is a consulting, analytical and research company in Prague, the Czech Republic, that focusses on quantum technologies, knowledge of their principles, usage and the quantum technologies industry itself. In addition to civilian applications of quantum technologies, they specialize in the use of quantum technologies for the space, security and military industries."
"Quantum-South", "Software", "Uruguay", "http://www.quantum-south.com/", "Quantum-South works with complex, optimization problems for cargo by leveraging quantum computing software.  Their goal is to achieve better results than current conventional solutions and help companies to improve revenues and reduce costs. They also work in financial problems where a quantum advantage can provide better solutions. The company is based in Montevideo, Uruguay and was founded in November, 2019."
"Quantum Thought", "Communications", "US", "http://www.quantumthought.io/", "Founded in 2019 and located in Tiburon, California, Quantum Thought is a strategic consulting firm focused on quantum computing for the enterprise. Their team includes quantum computing experts combined with AI and cybersecurity leaders in order to help companies ready themselves for a quantum computing future."
"Quantum Xchange", "Communications", "US", "https://quantumxc.com/", "Quantum Xchange is offering the first commercial quantum-secured networks in the United States utilizing QKD (Quantum Key Distribution) technology with a service they call Phio. They are partnering with communications infrastructure Zayo Group to use dark fiber that Zayo has available, ID Quantique for quantum key distribution (QKD) hardware and the research institute Battelle for trusted node hardware. Quantum Xchange recently announced their first installation which connects the Wall Street area of New York City with the back office operations of various financial firms in New Jersey. Quantum Xchange was founded in 2016 and is based in Bethesda, Maryland."
"QuantumCTek", "Communications", "China", "http://www.quantum-info.com/English/", "Located in Heifei City, China, QuantumCTek is the first provide in China of multi-protocol network security products and services based upon quantum technology. The company produces state-of-the-art quantum communication systems and opto-electronic units with the commercial applications for the financial industry, government organizations and other enterprises, as well as the research applications for the scientific societies. Products that they offer include quantum encryption, quantum gateways and optical switch products. The company was founded by the Chinese leading quantum physics research group from Hefei National Laboratory for Physical Science at Micro-scale (HFNL) and University of Science and Technology of China (USTC)."
"QuantumDoor", "Communications", "China", "http://www.qudoor.cn/en-us/", "None"
"QuantumX", "Other", "UK", "https://www.quantumx.ventures/", "QuantumX is a incubator/ venture studio with locations in Cambridge, England and San Francisco. Their aim is to create the most intense and advanced venture creation incubator for quantum scientists and engineers. QuantumX has a partnership with Cambridge Quantum Computing (CQC) that provides access the CQC’s quantum compiler."
"Quantumz.io", "Software", "Poland", "http://quantumz.io/", "Based in Warsaw, Poland and founded in June of 2019, Quantumz.io is developing a very efficient Quantum Simulator Platform (QSP) based on the idea of parallel programming on GPUs which will be offered as a service. The QSP will be equipped with functionality to efficiently build, run and manage customer’s quantum algorithms. They are also developing post-quantum cryptography (PQC) software solutions named “banax” to support quantum resistant internet communication for commercial usage. In addition, they are also building hardware products capable of post-quantum encrypted communication."
"QuBalt GmbH", "Communications", "Germany", "https://www.qubalt.de/", "Founded in 2015, GuBalt has administrative headquarters in Hamburg/Neumünster, Germany and research headquarters in Riga, Latvia. They develop quantum resistant cryptography algorithms and are also working on quantum computing software algorithms."
"Qubitekk", "Communications", "US", "http://qubitekk.com/", "Qubitekk, founded in 2012 in San Diego, California, recently announced the availability of the world’s first plug-and-play entangled photon generator, the QES1. Like the transistors at the hearts of classical computers, the QES1 enables the flow of information through quantum computers and quantum encryption products – both of which the company is currently developing."
"Qubit Engineering", "Software", "US", "http://qubitengineering.com/", "Qubit Engineering is a quantum software computing company that has developed new optimization methods for micro-siting wind turbines. The quantum powered micro-siting software will considerably improve the efficiency of wind farms and reduce the overall cost of the projects. They are located in Knoxville, Tennessee and were founded in August of 2018."
"Qubit Reset LLC", "Communications", "US", "https://www.qubitreset.com/", "Qubit Reset was formed in October 2018 and is based in Aventura, Florida. Their main research area is quantum repeaters for the quantum internet, but they are also working in other product areas including classical-to-quantum interfaces and quantum key distribution (QKD)."
"Qubitor", "Other", "Singapore", "http://www.qubitor.com/", "Qubitor is a technology incubation company to build intellectual property and launch startups. Their quantum computation lab is developing quantum based applications especially in Machine Learning and AI. The company was founded in 2017 and based in Singapore."
"QuDot", "Software", "US", "http://www.qudotinc.com/", "Founded in May 2018 and located in Fremont, California, QuDot provides quantum circuit simulation software using their patent pending QuDot Net technology to simulate universal quantum computers on commodity hardware. QuDot Net uses a special type of Bayesian Network that allows for the efficient representation of some qubit systems."
"QuEra Computing", "Hardware", "US", "https://www.quera-computing.com/", "QuEra Computing is using a neutral atom technology platform to build a  scalable, powerful, commercially relevant quantum computing capability. The research team includes many members from the cold atom research groups at Harvard University. They were founded in 2018 and are located in Somerville, Massachusetts."
"Quintessence Labs", "Communications", "Australia", "http://www.quintessencelabs.com/", "Based in Deakin, Australia, Quintessence Labs provides quantum true random number generators and quantum key distribution. They currently have in development what they call a second generation quantum key distribution system. This uses a continuous variable bright laser beam for key distribution that can leverage commercial off-the-shelf telecommunications components and existing fiber optic cable to provide very high data throughput rates and a very cost competitive solution."
"QuiX", "Hardware", "Netherlands", "https://www.laserfocusworld.com/articles/2019/01/new-dutch-silicon-nitride-photonics-company-quix-aims-at-quantum-computing.html", "Formed in January 2019 and located in Enschede, The Netherlands, QuiX is developing a photonic quantum processor based upon silicon nitride waveguides. The founding team includes scientists from the University of Twente and the Amsterdam research institute AMOLF. QuiX intends to offer the first components of their computer in two years and their technology will operate at room temperatures eliminating the need for costly dilution refrigerators."
"Qulab", "Software", "US", "http://www.qulab.com/", "Founded in 2017 and based in Los Angeles, California, Qulab Inc. has a mission of automating molecular drug design by leveraging the power of classical and quantum computers."
"Qulabs,ai", "Multiple", "India", "http://qulabs.ai/index.html", "Qulabs.ai, founded in late 2017, is focused on building quantum networks/quantum internet and developing expertise in quantum machine learning for finance and new drug discovery verticals. They have created a business unit QuAcademy which aims to facilitate training of students with the combination of skills required for the conceptualization, development and translation of new quantum technologies.  They currently work with research labs at IIT Hyderabad, IIT Roorkee, and IIT Bengaluru."
"QunaSys", "Software", "Japan", "https://en.qunasys.com/", "QunaSys, located in Tokyo, Japan, was founded in early 2018 by researchers from the University of Tokyo, Osaka University, and Kyoto University. They develop applications using quantum computing with a focus on quantum chemistry, quantum machine learning and optimization. They are also conducting maintainence and developing new functions for the Qulacs simulator which was originally developed at Kyoto University."
"Qunnect", "Communications", "US", "http://www.quconn.com/", "Qunnect was formed in 2017 as a spin-off venture from the Quantum Information Technology group at Stony Brook University (Long Island, NY, USA). They provide a commercial toolbox of quantum devices specifically designed and optimized to upgrade the current digital communication technology into an un-hackable fully secure long-distance quantum communication network. They have developed several portable modular technologies needed to build a fully protected quantum cryptographic network including quantum light sources, characterization devices and quantum light matter interfaces aimed to store and transform quantum information (e.g. quantum memories, quantum logic gates and quantum frequency conversion units). These technologies are room temperature quantum devices which together can efficiently map the quantum state of flying quantum bits onto atomic media, thus creating a pathway to overcome the inherent losses in classical communication channels."
"QuNu Labs", "Communications", "India", "http://qunulabs.in/", "Founded in September 2016 and located in Bangalore, India, QuNu Labs develops Quantum cyber-security products using Quantum Key Distribution (QKD) Technology. Their first product is a basic QKD system using Differential Phase Shift Protocol and builds upon four years of initial research followed by incubation at IIT Madras. The company indicates that their systems are optimized for Indian operating conditions and highly cost competitive."
"QURECA", "Consulting", "UK", "https://qureca.com/", "QURECA, QUantum REsources & CAreers, was formed in June 2019 and is based in Glasgow, Scotland, UK. They provide professional services and resources needed for businesses and institutions to be ready, make a difference, and create value with quantum technology. Services they offer include business development, business intelligence, training, and resourcing."
"QuSecure", "Communications", "US", "https://www.qusecure.com/", "Located in Menlo Park, California and founded in 2019, QuSecure’s products and services include a quantum resilient blockchain, quantum penetration testing and a quantum enabled policy server. The QuSecure team consists of researchers who share decades of experience in Cybersecurity, Quantum Computing, Machine Learning and Blockchain technologies, combined with seasoned Silicon Valley business leaders who know how to build, scale, protect and innovate."
"Quside", "Hardware", "Spain", "https://www.quside.com/", "Quside designs and markets quantum technologies to power all connected devices with the highest quality components. Their proprietary quantum entropy sources enables ultrafast, quantum random number generation for mobile, IoT and data center environments. They are located in Barcelona, Spain and were formed in September 2017 as a spinoff of ICFO."
"QxBranch", "Software", "US", "http://www.qxbranch.com/", "QxBranch is a quantum software company formed in 2014 by executives from Lockheed Martin and Aerospace Concepts. The company’s team has skills in systems engineering, data analytics, machine learning, and quantum computing for finance, insurance, aerospace, and security customers worldwide. QxBranch is headquartered in Washington, D.C., with offices in Hong Kong, London, and Adelaide, Australia. QxBranch was acquired by Rigetti Computing in July 2019."
"Rahko", "Software", "UK", "https://www.rahko.ai/", "Rahko is a quantum machine learning company with experts in quantum machine learning and quantum software engineering. They were founded in June 2018 and are located in London, UK."
"Rigetti Computing", "Hardware", "US", "http://rigetti.com/", "Rigetti Computing was founded in 2013 and is based in Berkeley, California with a fab facility in Fremont, California. They are a full-stack quantum computing company that provides an integrated computing environment. Their Quantum Cloud Services (QCS) is our quantum-first integrated cloud platform that gives users access to our real quantum hardware through a virtual programming environment. Rigetti acquired QxBranch in July 2019 to help provide tight vertical integration at the application layer which they believe to be particularly important in the NISQ era."
"Riverlane", "Software", "UK", "https://riverlane.io/", "Incorporated in 2016 and located in Cambridge, UK, Riverlane is a quantum computing software company spun out of the University of Cambridge. Riverlane provides consulting services to clients in industry and government, as well as developing new quantum algorithms that solve high-value problems in machine learning and quantum chemistry. In collaboration with dividiti Ltd, Riverlane is developing Quantum Collective Knowledge, a software development kit that enables fair and reproducible benchmarking, optimization and co-design of quantum software and hardware, while dramatically reducing time to market and R&D costs."
"Seeqc", "Hardware", "US", "http://seeqc.com/", "In 2017, Seeqc was spun-out of Hypres, a leading developer of superconductor electronics. Seeqc owns, upgrades, and operates a state-of-the-art multi-layer superconductive chip fabrication facility and provide foundry services for superconducting devices. They are also developing a new approach to making quantum computing useful, via fully Digital Quantum Computing. The solution combines classical and quantum computing to form an all-digital architecture through a system-on-a-chip design that utilizes 10-40 GHz superconductive classical co-processing to address the efficiency, stability and cost issues endemic to quantum computing systems.  The company is headquartered in Elmsford, New York, with additional facilities in Italy and the U.K."
"Semicyber", "Software", "US", "https://semicyber.com/", "Based in McLean, Virginia and founded in February of 2018, Semicyber specializes in the delivery of data analytics, quantum algorithms, and software services for mission-critical challenges. They announced that they are working with the US Air Force AFWERX on the next generation of quantum algorithms."
"SHYN", "Software", "Bulgaria", "http://www.shyn.org/", "Founded in 2016, SHYN is a Sofia, Bulgaria-based company working on quantum data visualization. With early financing from Google and support from Amazon they aim to use quantum algorithms to visualize variance (inaccuracy) in data: from stock prices to weather forecasts. The company believes a layer of context, powered by quantum architecture, can help data consumers form better decisions."
"Sigma-i", "Consulting", "Japan", "https://sigmailab.com/", "Sigma-i is an “academic tech company” established in 2019 by three researchers from the Tohoku University Quantum Annealing Research & Development group in Sendai, Japan. Its mission is to tangibly deliver brand new technologies after they have been developed within universities and/or research laboratories. Their mission is to tangibly deliver brand new technologies after they have been developed within universities and/or research laboratories. Their initial offering will be to provide quantum consulting services and access to the D-Wave’s family of systems to companies, universities and research laboratories throughout Japan."
"Single Quantum", "Hardware", "Netherlands", "https://singlequantum.com/", "Single Quantum was founded in January 2012 in Delft, the Netherlands as a spin-off from the Kavli Institute of Nanoscience at TU Delft. Single Quantum develops and manufactures single photon detection systems based on the technology of superconducting nanowires. The products are designed for applications in quantum information technology, quantum communication and quantum cryptography, infrared time-resolved spectroscopy, laser ranging and remote sensing (LiDAR)."
"Silicon Quantum Computing", "Hardware", "Australia", "http://sqc.com.au/", "Silicon Quantum Computing is a spinout from the University of New South Wales (UNSW) to advance the development and commercialize the technology from the university’s Centre of Excellence for Quantum Computation and Communication Technology (CQC2T). This company will be leveraging the silicon based qubit technology that CQC2T has been working on. The new company will be receiving $83 million AUS (about $66 million USD) in funding from Telestra, UNSW, Commonwealth Bank of Australia, Australian Federal Government, and the state of New South Wales. Their near term goals are to develop a 10-qubit quantum integrated circuit prototype in silicon by 2022 as the forerunner to a silicon-based quantum computer and to expand their patent pool."
"softwareQ", "Software", "Canada", "http://www.softwareq.ca/", "SoftwareQ provides a variety of quantum software and services including quantum simulators, quantum compilers and optimizers, educational software and consultancy services. The co-founders include Dr. Michele Mosca and Dr. Vlad Gheorghiu from the Institute of Quantum Computing (IQC). The company is based in Waterloo, Canada and it was formed in 2017."
"Solid State AI", "Software", "Canada", "https://www.solidstate.ai/", "Founded in October 2017 and located in Toronto, Canada, Solid State AI is building a software-as-a-service (SaaS) platform using hybrid quantum-classical machine learning algorithms that enable process and equipment engineers to increase manufacturing yields, optimize process parameters, and reduce equipment maintenance costs and downtime. These algorithms are particularly effective at predicting on sparse data sets – those with limited data, or those with lots of noise and only a few relevant signals. Solid State AI is another alumni of Toronto’s Creative Destruction Lab’s Quantum Machine Learning program."
"Sparrow Quantum", "Hardware", "Denmark", "http://sparrowquantum.com/", "Sparrow Quantum is a start-up formed in May 2016 as a spin-off from the Niels Bohr Institute’s Quantum Photonics Lab in Copenhagen, Denmark. They will be developing and commercializing photonic quantum technology components based on research and patents from the Institute. Their first product is a single photon chip that is being offered to researchers working on quantum photonics."
"SpeQtral", "Communications", "Singapore", "https://speqtral.space/", "SpeQtral (formerly known as S15 Space Systems) is a spin-off from the Centre for Quantum Technologies (CQT) at the National University of Singapore (NUS). The company is developing space-based quantum communication systems using small satellites which will deliver encryption keys via quantum signals. This technology will offer unprecedented security from eavesdropping and enable the next generation of secure communication networks. The company has licensed technology needed to develop compact quantum light sources from NUS and has also hired former CQT researchers to its team."
"Spin Quantum Tech", "Software", "Columbia", "https://www.spinqtech.com/", "Founded in January 2018 and based in Bogotá, Columbia, Spin Quantum Tech is a quantum software company developing an adaptive collection of quantum algorithms that solves the next wave of cybersecurity trends. Their approach is based on AI and quantum computing to allow learning from the environment and self-improvement. They have a multidisciplinary team that has been working on AI for 15 years and their target markets include cybersecurity companies, solution and cloud providers."
"Strangeworks", "Software", "US", "http://strangeworks.com/", "Strangeworks is a quantum computing software startup in Austin, Texas formed in 2018. Their goal is to make quantum computing accessible via software designed for developers, system managers, and CIOs. Strangeworks also maintains their Strangeworks Community Platform web site which provides a front end to five different quantum frameworks from IBM, Microsoft, Rigetti, Google and D-Wave."
"Super.tech", "Software", "US", "http://www.super.tech/", "None"
"Terra Quantum AG", "Multiple", "Switzerland", "https://terraquantum.ch/", "Terra Quantum AG is a quantum technology company that is developing deep tech applications based on quantum computing, hardware, software and algorithms. The company was founded in 2019 and is based in Rorschach, Switzerland."
"Tokyo Quantum Computing", "Software", "Japan", "https://www.to-qc.com/", "Tokyo Quantum Computing (TQC) is a software startup for quantum computing, formed in April 2017 and based in Tokyo, Japan. TQC was founded by Dr. Chiaki Yamaguchi. TQC has a plan to provide a set of computer program source codes for massive simulations of quantum annealing."
"TundraSystems Global LTD", "Hardware", "UK", "http://briancinderella.com/", "TundraSystems was formed in 2014 and is located in Cardiff, UK. They are developing a line of systems based upon Quantum Optical Computing. An early target will be to create a Quantum Microprocessor which will be used as part of an quantum HPC system solution. Their system will be based upon a room temperature silicon photonics technology that they call Opticonductors."
"Turing", "Software", "US", "https://turingquantum.com/", "Founded in 2016, Turing is a quantum software company still in stealth mode."
"Universal Quantum", "Hardware", "UK", "https://universalquantum.com/", "Founded in early 2019 and located in Brighton, UK, Universal Quantum is a spinoff from the Ion Quantum Technology Group at the University of Sussex and headed by Professor Winfried Hensinger. Their goal is to develop practical quantum computers using microwave trapped ion technology that uses long-wavelength radiation and locally applied magnetic fields to replace the vast amounts of individually controlled laser beams used in other ion trap implementations."
"VeriQloud", "Communications", "France", "https://veriqloud.com/", "VeriQloud’s development is centered on quantum network technologies, covering all aspects from protocols and applications to implementations using optical devices. Their goal is to build a commercial offer for clients that have high demands in terms of network security, with quantum network architecture and protocols specifically designed for them. VeriQloud believes that an appropriate use of quantum programming languages can push quantum networks much further than the sole task of establishing shared secret keys through quantum key distribution, even using only currently existing technologies. For this purpose, they are implementing quantum network protocols for various quantum communication technologies including the application of known protocols to industrial problems and development of new network protocols that take advantage of the high security of quantum communication. The company was founded in 2017 and is located in Montrouge, France."
"Xanadu", "Multiple", "Canada", "http://www.xanadu.ai/", "Xanadu is a full-stack quantum startup founded in December 2016 and located in Toronto, Canada. They are developing a quantum photonic processor and an open-source full-stack quantum software platform called Strawberry Fields for photonic quantum computing. Strawberry Fields is implemented in Python and includes a quantum programming language called Blackbird. Xanadu has also started publishing results using their software in such diverse fields such as quantum chemistry, graph theory, machine learning and others."
"Xofia", "Software", "US", "http://xofia.io/", "Based in Houston, Texas and founded in early 2019, Xofia is a quantum computing company that provides algorithms to speed up feature classification in artificial intelligence to reduce training and inference time. Xofia offers “Quantum Knowledge” to improve current artificial intelligence techniques and increase the amount and quality of data inputs for better outcomes."
"Zapata Computing", "Software", "US", "http://zapatacomputing.com/", "Founded in 2017 and located in Boston, Massachusetts, Zapata Computing is a quantum computing software company spun out of Harvard University and launched by a group of Harvard scientists, including Alán Aspuru-Guzik. With Fortune 100 and Global 1000 companies, they develop solutions for a wide range of industries including chemistry, logistics, finance, oil and gas, aviation, pharmaceuticals and materials. Zapata’s platform, Orquestra™, allows users to compose quantum-enabled workflows and orchestrate their execution across classical and quantum technologies. Orquestra combines a powerful software platform, quantum algorithm libraries, and example workflows across machine learning, simulation and optimization."
"ZY4", "Communications", "Canada", "https://zy4.com/", "Founded in 2014 and headquartered in Vancouver, Canada, ZY4 claims to have developed a new class of quantum invulnerable symmetric encryption. It is a fast, reliable form of end-to-end encryption with authentication that works over any distance on any data network. ZY4 encryption keys are designed to operate in a unique space of computational complexity with irreversible computational problems which are non-physical, combining information theoretic security and factorial space problems requiring either or both infinite memory or time for quantum computers (or conventional computers) to solve."
